{
    "dataset": {
        "num_samples": 245,
        "num_classes": 2,
        "train_split": 196,
        "test_split": 49,
        "input_shape": [
            32,
            32,
            64
        ]
    },
    "model": {
        "architecture": "CNNModelTraining",
        "conv_layers": [
            [
                32,
                3
            ],
            [
                64,
                3
            ]
        ],
        "hidden_units": [
            256,
            128
        ],
        "dropout_rate": 0.3
    },
    "training": {
        "epochs": 20,
        "batch_size": 32,
        "learning_rate": 0.001,
        "device": "cpu",
        "best_val_acc": 0.0
    },
    "evaluation": {
        "test_accuracy": 0.5714285714285714,
        "confusion_matrix": [
            [
                13,
                12
            ],
            [
                9,
                15
            ]
        ],
        "classification_report": {
            "0": {
                "precision": 0.5909090909090909,
                "recall": 0.52,
                "f1-score": 0.5531914893617023,
                "support": 25
            },
            "1": {
                "precision": 0.5555555555555556,
                "recall": 0.625,
                "f1-score": 0.5882352941176471,
                "support": 24
            },
            "accuracy": 0.5714285714285714,
            "macro avg": {
                "precision": 0.5732323232323233,
                "recall": 0.5725,
                "f1-score": 0.5707133917396747,
                "support": 49
            },
            "weighted avg": {
                "precision": 0.5735930735930737,
                "recall": 0.5714285714285714,
                "f1-score": 0.5703558018952262,
                "support": 49
            }
        }
    },
    "label_encoder": {
        "BENIGN": 0,
        "MALIGNANT": 1
    },
    "Training Time": "91:25:30"
}